<annotation>
	<folder>images</folder>
	<filename>193_100.jpg</filename>
	<path>/home/pepefv97/Desktop/fruits_box/train/images/193_100.jpg</path>
	<source>
		<database>Unknown</database>
	</source>
	<size>
		<width>100</width>
		<height>100</height>
		<depth>3</depth>
	</size>
	<segmented>0</segmented>
	<object>
		<name>Banana</name>
		<pose>Unspecified</pose>
		<truncated>1</truncated>
		<difficult>0</difficult>
		<bndbox>
			<xmin>1</xmin>
			<ymin>8</ymin>
			<xmax>100</xmax>
			<ymax>95</ymax>
		</bndbox>
	</object>
</annotation>
