<annotation>
	<folder>images</folder>
	<filename>211_100_kiwi.jpg</filename>
	<path>/home/pepefv97/Desktop/fruits_box/train/images/211_100_kiwi.jpg</path>
	<source>
		<database>Unknown</database>
	</source>
	<size>
		<width>100</width>
		<height>100</height>
		<depth>3</depth>
	</size>
	<segmented>0</segmented>
	<object>
		<name>Kiwi</name>
		<pose>Unspecified</pose>
		<truncated>1</truncated>
		<difficult>0</difficult>
		<bndbox>
			<xmin>9</xmin>
			<ymin>1</ymin>
			<xmax>93</xmax>
			<ymax>100</ymax>
		</bndbox>
	</object>
</annotation>
